Product Name,Price,Discount
رینگ لایت مدل RK-12," ۲۸,۸۸۰ تومان",۳۸٪
هندزفری ریمکس مدل RM-510," ۸۹,۰۰۰ تومان",۲۲٪
هدفون وان مور مدل Piston Fit," ۱۳۵,۰۰۰ تومان",۱۶٪
دسته بازی موبایل پاوان  مدل L1R1," ۱۹,۰۰۰ تومان",۳۰٪
اسپری تمیز کننده داخل خودرو سیواکس مدل CW-500ml حجم 500 میلی لیتر," ۲۰,۳۰۰ تومان",۱۵٪
کرم رفع ترک پا کامان مدل 01 حجم 230 میلی لیتر," ۳۱,۹۰۰ تومان",۳۱٪
 شارژر همراه کوئین تک مدل QT-10 ظرفیت 9000 میلی آمپر ساعت," ۱۲۹,۰۰۰ تومان",۳۹٪
پوشینه شورتی بزرگسال ایزی لایف مدل 003 سایز متوسط بسته 12 عددی," ۹۹,۵۰۰ تومان",۱۶٪
چراغ قوه شارژی مدل A.B," ۶۰,۰۰۰ تومان",۲۵٪
روغن تقویت کننده ریش گراندو مدل Argan Oil حجم 30 میلی لیتر," ۳۵,۵۰۰ تومان",۵۴٪
ماسک تزیینی طرح خالدار کد MB002," ۷,۶۰۰ تومان",۲۰٪
رطوبت گیر کنار سینک ژوانی مدل Shining Home," ۶۵,۰۰۰ تومان",۳۵٪
کتاب هنر خوب زندگی کردن اثر رولف دوبلی," ۳۸,۵۰۰ تومان",۳۴٪
کرم آبرسان کامان سری واتربمب مدل هیالورونیک اسید حجم 500 میلی لیتر," ۱۰۲,۷۰۰ تومان",بدون تخفیف
کرم نرم کننده جی مدل vitamin E cream حجم 200 میلی لیتر," ۱۹,۵۰۰ تومان",۳۵٪
چاقو تیزکن دنور مدل SHARPENING STONE," ۱۳,۰۰۰ تومان",۴۸٪
بلوز زنانه مدل  358426802," ۹۲,۲۰۰ تومان",۴۱٪
کفش روزمره مردانه مدل k.bs.210," ۱۱۹,۰۰۰ تومان",۵۲٪
ماساژور پا نیک مدل N1," ۹۷,۹۰۰ تومان",۱۱٪
صندل مردانه اسپرت من مدل st10011414," ۲۱۹,۰۰۰ تومان",۴۵٪
کوکتل پدیکور ژبن پلاس مدل Heart وزن 600 گرم بسته 12 عددی	," ۸۹,۹۰۰ تومان",۳۲٪
تی شرت پسرانه مدلا مدل فولکس کد MFH123," ۴۵,۰۰۰ تومان",۴۰٪
نورافکن دستی مدل TENDAS3004RDL," ۲۳۹,۰۰۰ تومان",۵۵٪
ساعت مچی هوشمند مودیو مدل MW08," ۴۸۹,۰۰۰ تومان",۴۰٪
سيستم عامل Windows 7 UEFI نشر بلوط," ۹,۰۰۰ تومان",۶۴٪
تیشرت مردانه کوتون مدل 1YAM12141LK-NAVY," ۱۲۹,۰۰۰ تومان",۵۰٪
مکمل روغن موتور خودرو سیلین مدل EFP-01 حجم 433 میلی لیتر," ۲۷,۰۰۰ تومان",۴۵٪
کوله پشتی سفری 60 لیتری دیکمپ کد 12," ۲۳۹,۰۰۰ تومان",۶۳٪
"مسواک برقی  اورال-بی
 مدل پرو اکسپرت 110"," ۴۸۹,۰۰۰ تومان",۱۲٪
لامپ ال ای دی 12 وات لیتومکس کد 001 پایه E27 بسته 2 عددی," ۳۸,۹۰۰ تومان",۴۳٪
تی شرت ورزشی مردانه طرح تاج مدل استقلال," ۱۱۸,۰۰۰ تومان",۲۷٪
تیشرت مردانه کوتون مدل 1YAM12141LK-WHITE," ۱۲۹,۰۰۰ تومان",۵۰٪
بادی نوزادی پسرانه طرح هواپیما کد 99," ۲۰,۰۰۰ تومان",۴۹٪
پولوشرت مردانه تکنیک پلاس 07 کد TS-118-ME," ۱۹۹,۰۰۰ تومان",۳۷٪
کیف رودوشی گوگانا مدل gog5080," ۷۹,۰۰۰ تومان",۶۱٪
خود تراش مدل bita کد 010," ۴,۳۶۰ تومان",۵۲٪
کاغذ A4 کپی مکس مدل Premium بسته 2500 عددی," ۳۲۹,۰۰۰ تومان",۱۳٪
سرویس پخت و پز 9 پارچه کاندید مدل Orbit کد 01," ۹۷۰,۰۰۰ تومان",۱۶٪
تمپر مت گتر مدل F23," ۱۲۹,۶۰۰ تومان",۱۰٪
آینه سایان هوم مدل دکو CA022," ۴۹۹,۰۰۰ تومان",۴۶٪
